"testemail@hotmail.com","แผงกั้นจราจร","2019-05-11 14:04:42" 
"testemail@hotmail.com"," แผงเหล็ก","2019-05-11 14:04:42" 
"testemail@hotmail.com"," แผงกั้น","2019-05-11 14:04:42" 
"testemail@hotmail.com"," แผงกั้นรถ","2019-05-11 14:04:42" 
"testemail@hotmail.com","แผงกั้นมาตรฐาน","2019-05-11 14:04:42" 
"testemail@hotmail.com","แผงกั้นสแตนเลส","2019-05-11 14:04:42" 
"testemail@hotmail.com","แผงกั้นพลาสติก","2019-05-11 14:04:42" 
"testemail@hotmail.com","ผู้ผลิตแผงกั้นจราจร","2019-05-11 14:04:42" 
"testemail@hotmail.com","ร้านไทยจราจร","2019-05-11 14:04:42" 
"testemail@hotmail.com"," โรงงานแผงกั้นจราจร","2019-05-11 14:04:42" 
"testemail@hotmail.com","แผงกั้นจราจรราคาถูก แผงกั้นจราจร ไทวัสดุ","2019-05-11 14:04:42" 
"testemail@hotmail.com","แผงกั้นจราจร ภาษาอังกฤษ","2019-05-11 14:04:42" 
"testemail@hotmail.com","แผงกั้นจราจร โฮมโปร","2019-05-11 14:04:42" 
"testemail@hotmail.com","แผงกั้นจราจร ภูเก็ต","2019-05-11 14:04:42" 
"testemail@hotmail.com","แผงกั้นจราจร ชลบุรี","2019-05-11 14:04:42" 
"testemail@hotmail.com","แผงกั้นจราจรยืดหดได้","2019-05-11 14:04:42" 
"nuchada789@gmail.com","","2019-03-20 01:11:08" 
"test3@hotmail.com","","2019-03-10 15:11:18" 
"test2@hotmail.com","","2019-03-10 15:11:04" 
"test1@hotmail.com","","2019-03-10 15:07:37" 
